Compte;NomPrenom;Adresse;Code Postal;Ville
43;3 Dmoteur;612 ROUTE DE LA TOUR ;38440;LIEUDIEU
60;ATLAS COPCO POWER TECHNIQUE;division de Atlas Copco France SAS;95046;SAINT OUEN L'AUMONE CEDEX
51;auvegne forage;4 rue de Roquefeuille;63190;LEZOUX
72;BBC STAT;5 ZA DE GRANGE NEUVE;38790;DIEMOZ
44;BLACHON FORAGE;52 ROUTE DE FIRMINY;43330;ST FERREOL D'AUROURE
13;CEBTP SOLEN - Sce GINGER Geotechnique;16 Allée Prométhée;28003;CHARTRES
57;COURTOIS SONDAGES;5 ZA DE GRANGE NEUVE;38790;DIEMOZ
37;CRTP;305 Avenue Théodore Braun;69400;VILLEFRANCHE SUR SAONE
19;ECOMINE;ZA DU BOIS VERT;56800;PLOERMEL
34;EIFFAGE ENERGIE;Rue Mario et Monique Piani;69480;AMBERIEUX D'AZERGUES
78;ELF;zac l'ome les sources;42160;andrézieux-bouthéon
10;ELTS;9 ROUTE CAILLOU;69630;CHAPONOST
5;EPC FRANCE - Comptabilité ALPHAROC;4 RUE DE ST MARTIN;13310;SAINT MARTIN DE CRAU
7;Epiroc France S.A.S.;2 avenue de l'Eguillette - ZI du Vert Galant;95056;CERGY PONTOISE CEDEX
12;FONDASOL;290 rue des Galoubets;84035;AVIGNON CEDEX
39;FOREZIENNE;7-9 rue Grangeneuve;42002;ST ETIENNE CEDEX
38;Forézienne d'Entreprises;;;
79;Francois PIERRE SAS;14 rue de la renouille;21600;LONGVIC
36;FRANKI FONDATION;9-11 RUE GUSTAVE EIFFEL;91350;GRIGNY
66;FREYSSINET FRANCE;7 ROUTE DU CAILLOU;69630;CHAPONOST
42;FTTA;1225 route de Saint-Claude;39310;LAMOURA
67;GEONOVATION;2 rue des moulins;21000;DIJON
48;geosonic;91 route berardier;38200;jardin
18;GEOTEC;9 BOULEVARD EUROPE;21800;QUETIGNY
62;GEOTEC LYON;15 RUE LAVOISIER;69680;LYON
24;GOUPE COURCELLE;4 RUE JOSEPH CUGNOT;69720;ST BONNET DE MURE
71;GRAVIER BTP;ZA LECHERAINE - LANSLEBOURG;73480;VAL CENIS
32;GRAVIERES DU MARONI;14, route des Chutes Voltaire;97320;Saint-Laurent du Maroni
54;GREENCELLS GmbH;Bahnhofstrasse 28;66111;SAARBRUCKEN
23;GTS;29 RUE TACHES;69800;ST PRIEST
25;GUINTOLI;Service administratif;13156;TARASCON Cedex
15;GYPSE DE MAURIENNE;LES ROSSIERES;73300;SAINT JEAN DE MAURIENNE
29;hydrautom;za des aigais ;69530;brignais
31;HYDRAUTOM;;;
82;HYDROGEOTECHNIQUE SUD EST;ZA RHONE VAREZE;38550;SAINT MAURICE L EXIL
53;KONFOR;1317 RUE DES CHARTINIERES;1120;DAGNEUX
58;LEDUC;1 rue Folenrue;27200;VERNON CEDEX
50;lefort;parc d activités d'epinay;69400;gleizé
11;MACFORDI;ZI MONTPLAISIR - 106 RUE DU CHAMP DE COURSES;38780;PONT EVEQUE
76;MAIA FONDATION;1 RUE DE L'ANTIQUAILLE;69321;LYON CEDEX 05
27;MCCF;16 rue des Pyrénées;94623;RUNGIS CEDEX
61;MMA;;;
63;MMA;97 Allée Alexandre Borodine;69800;SAINT PRIEST
33;MONTABERT;203 Route de Grenoble;69805;ST PRIEST
64;NGE FONDATIONS;29 RUE TACHES;69800;ST PRIEST
41;NOUVETRA;20-24, rue Paul Cézanne;69882;meyzieu
30;OZON FORAGES;ZI du Bas Pontet - 27 rue Jules Ferry;69360;ST SYMPHORIEN D'OZON
49;Perrillat tp;300 route de villaz;74370;argonay
65;POLEN;813 avenue léon blum;1500;amberieu en bugey
45;PRONETEC;24 RUE VIEILLE DU TEMPLE;75004;PARIS
56;RADIAN;36 avenue hoche;75008;paris
80;RESURGENCE;9 TOUTE CAILLOU;69630;CHAPONOST
20;RHONE ALPES FONDATIONS;3 ROUTE CHAMBERY;38300;BOURGOIN JALLIEU
35;ROCMINE;Sameyriat ;1450;CHALLES
46;SA FORAGE;9 BOULEVARD EUROPE;21800;QUETIGNY
55;SAMIN;Tacon;1200;CHATILLON EN MICHAILLE
8;SAML;9-11 RUE GUSTAVE EIFFEL;91350;GRIGNY
74;SANCHEZ.NOV;63 RUE NATIONALE;43200;SAINT MAURICE DE LIGNON
14;SANDVIK Mining and Construction France SAS;19, Rue Maréchal de Lattre de Tassigny;69881;MEYZIEU
22;SATEM;ZA la bassette;1800;meximieux
32;SBTP;BP 81002;1008;BOURG EN BRESSE
9;SEFI INTRAFOR;9-11 RUE GUSTAVE EIFFEL;91350;GRIGNY
68;SGC TRAVAUX SPECIAUX;101 Route de Saint Genis L'Argentière;69610;SAINTE FOY L'ARGENTIERE
40;smtp;11  bd des Entreprises, ZI Vaure;42601;mombrison
4;SOFITER;RUE DE L INDUSTRIE;21270;PONTAILLER SUR SAONE
2;SOILMEC;LE BUISSON;27600;ST AUBIN SUR GAILLON
47;SOL CONFLUENCE;ZI LES PLATTES;69390;VOURLES
52;SOLETANCHE BACHY FONDATIONS SPECIALES;PARC AFFAIRES SILIC;94623;RUNGIS CEDEX
3;SOTRAISOL;9-11 RUE GUSTAVE EIFFEL;91350;GRIGNY
26;SPIE BATIGNOLLES FONDATIONS;30 Avenue du Général Galliéni;92023;NANTERRE Cedex
28;SV3M;110 chemin de la recluse;26400;LA REPARA AURIPLES
70;TP GEO;7 RUE JEAN MARIE PARADON;71150;FONTAINES
69;TPGEO;7 rue jean marie paradon;71150;fontaines
81;tsm;;1;amberieu en buget
75;ZEMA;633 Rue Henri Bantegnie;59233;Maing