Reference;Designation
974;ventilateur refregerent penetro 26t fondasol (PT)
1306;joint a livre stabilisateur pic 450
1765;cuter grand modele
2040;câble haut parleur noir/rouge 2x1mm
3103;ecrou M3
4414;rondelle grower m4
4415;rondelle grower m5
4416;RONDELLE GROWER M6
6006;roulement 6006
6010;roulement 6010
6014;roulement 6014
6202;roulement 6202
6204;roulement 6204
6205;roulement 6205 etanche
6307;roulement 6307
8368;bouchon plastique 40x40
9436;enrouleur atelier electrique
16008;roulement 16008
17063;phare de travail led 27w
31730;
32101;clé à choc BATT.18v 850N/M
32102;clef a choc sur baterie gros modèle
44100;assortiment d embout de cable
44110;RONDELLE GROWER M10
44112;RONDELLE GROWER M12
44114;RONDELLE GROWER M14
53640;Tete H M6x40 8.8 filetge partiel
53850;Tete H M8x50 8.8 filetage partiel
55222;groupe interieur
57435;Tete H M4x35
57535;Tete H M5x35 8.8
57640;Tete H M6x40 8.8
57850;vis 8x50 8.8
57880;Tete H M8x80 8.8 
62510;foret diametre 1mm
62535;foret diametre 3,5mm
62540;foret diametre 4mm
62550;foret diametre 5
64428;taraud machine droit M8X1,25
69711;interupteur vas et viens
83316;vis btr m3x16 12.9
83440;vis btr  M4X40 12.9
83540;vis btr m5X40 12.9
89620;vis m 6x 20 10.9 btr
100786;Bloc de jonction PHOENIX
100845;Couvercle PHOENIX 3047028
100980;thermomètre infrarouge
102479;"Presse-étoupe PFLITSCH blueglobe;M20x1,5 - bg 220m"
102491;écrou M20X1.5
103640;"boitier de derivation aluminum 175 x 80;x 57 mm"
109248;vis M4X8
132120;soleinoide cargo 132120 12v
140507;rondelle plate M7
160308;relais 12v 40/15A
160477;relais 12v 100A
174227;peinture bleu soilmec
180215;bouton poussoir
204296;cable de frein arriere jumper
205116;PE par 10 diam 16
250100;pré filtre a carburant hatz
323000;M12X140 12.9 BTR
332221;coupe batterie
400182;mano 0-60bar connexion lateral
410799;plot radiale
461170;mano 0-100 bar connexion lateral
461190;mano 0-250 bar connexion lateral
502074;relais plc
505417;relais plc
538210;membrane HP eurodrille hd 2004
561070;vis th m10x70
561850;vis tete h m18x50 10.9
563750;fusible 15A
565236;groupe exterieur
570716;Tete H M7x16 8.8
572060;vis th m20x60 8.8
572403;vis a bois 4X40
578110;vis tete H M8x100 8.8
592565;Menbrane HP eurodrill 4010 et 2004
617387;Menbrane eurodrill 4010
632258;neon 58w
644210;taraud machine droit m10X150
801660;vis chic M16x60 10,9
831060;vis 10x60 12.9
831250;vis 12x50 12.9
831480;vis btr m14x80 12.9
831640;vis btr m 16x40 12.9
831660;vis M16X60 btr 12,9
831690;vis btr m 16x90 12.9
852863;porte fusible(PT)
891240;vis fhc 10.9 12X40(PT)
891660;vis tete h m16x60 10.9
1036280;bouton poussoir
1036303;capuchon
1089310;vis M3X10
1089320;vis M3X20
1089416;vis M4X16
1118659;joint moteur deutz
1154223;thermostat ranger 700RP
1174416;filtre a huile deutz M358 et sm 6
1174696;filtre a gasoil deutz M358 m 417
1180871;filtre a air sm6
1181003;filtre a air sm 9
1181004;filtrea air sm9
1182671;filtre à gazole sm9
1183548;courroie moteur sm9
1183574;filtre à huile sm9
1319258;filtre air sm 6
1351079;airport espress
1405014;rondelle plate M14
1405018;rondelle plate M18
1405020;rondelle plate M20
1438518;plaquette fermeture sm8
1472900;kit moteur hatz demareur
1633100;arret moteur
1660911;aimant de vanne
1698101;module de démarrage moteur 4l41c(fonctionait sur coco 50/65) 
1811601;Arrêt moteur hatz
1884376;compteur horaire
1974126;fermeture a loquet type capot hatz
2128969;union
2225912;joint thermostat ranger 700 rp
2226618;tube cuivre 14X1
2231136;vis banjo moteur deutz
2266500;kit de filtration
2266600;KIT FILTRATION hatz 3L41C
2266800;kit hatz 4l41c
2267800;kit filtration hatz 4L42C
2281937;peinture gris alu
2333936;protection de switch (DX780)
2355497;relais de puissance socomafon
2370003;escabot 3 marche
2502000;démarreur 12v 3,2kw moteur 4L41c
2643324;cable electrique 3G1.5
2880237;cuter
2934616;filtre à huile gemsa
3009505;vis autoperceuse 4.2x15.9
3152621;Brosse coudée pour radiateur long manche 
3308529;élingues
3325717;brosse 100X20
3399151;fermeture de capot cahoutchouc ( par 2 pieces)
3473740;RAYONAGE ST 52
4120751;filtre carburant sm 6
4130241;prefiltre carburant sm6
4196082;peinture en bombe noir
4207600;traverse de levage 2t
4291642;FILTRE CARBURANT DEUTZ
4418689;mors sm8
4438491;arrêtoir de mors sm 9
4504438;cartouche filtrante sm9
4504889;rubalis
4507666;raccort prevot embout 10 mm
4507671;racort prevot jonction1/4 dim 10
4511616;fil soudure
4511695;ouate blanche
4513648;manche de pele
4518599;sangle d arrimage
4527188;brosse 50X20
4532416;tendeur
4537371;projecteur portable
4540483;brosse 32X32X6
4541123;roulette en caoutchouc
4561659;casque anti bruit
4597660; ensemble pluie taille L
4597661; ensemble pluie taille XL
4597978;joint
4599579;masque respiratoire (bte de 20)
4603746;prise 220v en sailie
4604931;enrouleur l200
4606303;clé mixte 18mm
4607352;grattoir coffrage
4611873;absorbant par 20kg
4614469;chiffon absorbant
4614851;meuleuse 125mm
4619048;raccord
4619423;base tournante d etau
4619425;etau l 200 N
4620291;raccort prevot rapide diametre 10
4620292;raccort prevot femelle
4622152;coffret radio + cliquet
4644896;projecteur a led
4649003;marchepied aluminum
4651960;sangle a cliquet automatique
4658230;disque a meuler diam125
4689661;chiffon blanc 10kg
4949750;pont 4 colone fog
5219804;neon simple d atelier
5391090;TH 8,8 10X90
5691040;vis m10X40 10.9
5691060;vis tete h mx10x60
5691250;vis 12x50 10.9
5691440;vis 14x40 10.9
5791030;vis tete H M10x30 8.8
5791230;vis 12x30 10,9
5791240;TH 8,8 12X40
6117069;gaine de protection diametre 16
6203491;kit prolongateur plastique
6604633;vis btr 5X8
6679992;aimant
6803830;relais socomafor
7292758;disjoncteur compresseur 10 A
7761979;cable electrique 3X1.5
7872082;roulette polyamide blanche
8312120;vis btr m12x120 12.9
10701240;vis chc 10.9 12X40
10701660;vis chc 10.9 16X60
11064641;support de levier
11107587;KIT SUPPORT DE LEVIER
11115551;embout type prevot
11115667;embout type prevot
11117988;ensemble soufflette 4m
11718248;grand tounevis
11724663;T facom 1/2
13628928;axe de pignon de chaine dx 800
14053069;tuyau air comprimer(PA)
14053093;tuyaux pneumatique transparent  diametre 10
14059407;lame de scie a metaux
14187855;masse 4kg
14834540;petit pied de biche
14834583;grand pied de biche
15373520;boite de derivation grand format
15872298;axe de pignon de chaine dx 800
16592765;marteau 1,5KG
19301011;cle a tuyauter 10x11
20025485;jauge de carburant psm 980
22102006;JOINT CONTRE FRAPPE GEO 205
22122001;joint racleur sélecteur 
22192004;kit de joint de vérin de mors geo 205
22192021;kit de joint de vérin de mors geo 205
22192027;kit de joint vein stab geo 205+port
22208001;galet de table Geo 305 ancien modèle
22602065;Bouton poussoir levier aluminium
23500908;guide chaine enrouleur dx 800
23501478;cales de réglage marteau dx 800
23501508;cales de réglage marteau dx 800
24338800;pile 9v
27297668;soufflette avec embout
30314460;joint vis accus marteau krupp
30330268;membrane hp HB35 et hb5
30332259;vis accus marteau krupp
30981785;membrane frappe au retrait HB35
31356427;bague bronze rotation krup hb35
33003112;kit de joint voie variable geo 205
33201024;levier de distributeur  M8X150
33333031;bague de guidage touret geo 205
33333037;kit de joints tourets d injection geo 305 ancien modèle
33335447;KIT JOINTS MARTEAU PERCUSSION TYPE 10(geo 205)
33335448;KIT JOINTS MARTEAU DISTRIBUTION TYPE 10( geo 205)
33335535;Kit de joint marteau eurodrill HD 2004
34950559;bague de guidage emmanchement geo 205
34950713;bague de guidage geo 205
35004813;"emmanchement T600 H64 D MAL/ R38 FEMELLLE;GEO 305"
35376342;ressort volet compresseur doosan
35379817;clapet volet d aspration compresseur doosan
36000447;kit de joint marteau HB5
37194131;joint tete de chat
40065301;filtre a huile
40392636;enrouleur sm9
47057930;pince a rivet
47574714;PIED A COULISSE DIGITAL
48159737;prise male 220v
48159745;prise femelle 220v
50132300;écrou
50141501;courroie moteur 3L41C et 4L42C
50163900;bougie hatz
50203101;courroie
50272201;sonde de pression d huile moteur hatz 4l41c
50432700;relais hatz 70A
50485400;fusible hatz
50540154;jauge de niveau hydraulique
50579501;joint cache culbuteur
50971221;capteur sm9
51002012;goujon d'assemblage marteau geo 205
52091352;tampon
52091360;platine
52323045;scie a metaux
54579225;groupe electrogene inverter silencieux 3000w le 19/03/14
55021675;bouchon vase ranger dx 780
55024054;electro mise en charge compress ranger 800rp
55025570;joystick gauche  telecomande complet dx 780
55060338;bouton joystick (dx780)
55066321;manchon turbo ranger 800rp
55074612;clapet anti retour orientation glissiere ranger 700RP
56011930;manchon turbo ranger 800rp
61000003;graisseur cales sm9
62030038;vis tête fraiser arrêt de mors sm9
62030046;galet sm8
64028014;axe sm8
64028015;axe sm8
64028023;axe galet de rotative sm9
64028247;axe sm8 (ancienne ref 64028217)
67206007;verin de mors geo 205 +port
67213010;roue a lamelle diam 30x10
70371405;vis sm9
70622731;ecrou de surete
75004307;axe renvoi pignon chaine geo 205
75012027;patins geo 205
75012029;patin geo 205
75012044;patin geo 305 ancien modele
76806011;bride geo 305 de touret d injection M417
77006001;plaquette de mors mc 450 et mc 600 geo 305
77006005;PLAQUETTE DE MORS BOMBEE mc600 mc 450
77007001;arrêtoir mors geo 305
77007006;arrêt de mors mc 600
80126539;vis demie coquille DX800
80685799;collier
81296516;Huile moteur DEUTZ GEO GINGER
81296519;huile moteur deutz 10w40 gemsa
81298297;huile deutz 10W40
83371099;outil (dx780)
85194419;collier
86487170;limiteur de pression ecm 720 (petite frappe)
86597226;limiteur de pression ecm 720 (grande frappe)
86633898;membrane BRP 50  70
87169309;clapet verin N°3 (1 kit de joint hs)
290520100;masse 100g
335116000;circlips
342309008;CONTACTEUR A CLEF
401780014;rondelle sécu M14
547350070;collier  50-70
578430326;disque a lamelles ceramique diam 125
701124150;TOURET A MEULER
713640330;roulement arrière JUMPER
750441325;Levier aluminium M8
821840092;vis btr m18x40 12.9
891893480;pistollet a colle
893243050;stop filet normal
893270050;stop filet fort
899800470;bobine papier
965900208;alveole complete 1/2 
965900401;alveole clef mixte 
965900655;alveole pince a clips
985030165;teflon en rouleau
1089063104;indicateur de carburant 
1604034100;raccord compresseur exams 286
1624191490;goujon collecteur moteur kubota V1505T
1626226100;huile compresseur irmer 20l
1626483153;bouchon pompe a injection kubota v1505t
1627192010;écrou collecteur moteur kubota V1505T
2000105008;joint vérin tendeur chenille pcr200
2000105009;joint vérin tendeur chenille pcr200
2509908650;contact XE3SP2141 
2651302214;filtre ecm 720
2651792323;bouchon
2652293289;filtre hydrau pilot ecm 720
2657803843;filtre ecm 720
2911011203;kit séparateur roc f6
2912438906;kit filtration xas 136
2912443005;kit 500 h xrvs 336
2912500502;kit 500h cps7,0,10
2912640406;kit filtration qas 30
2913308900;COURROIE QAS 30
2914501800;pre filtrea air xrvs 336
2914507700;filtre a air moteur xrvs336
3216538200;roulement de renvoie de chaine l6
3216725700;axe de chenille L6
3216725800;rondelle d axe de chenille L6
3222278807;interupteur de pression
3222300544;switch
3222306445;axe de renvoie de chaine l6
3222310950;retroviseur l6
3222314497;JOYSTIC+port
4110014500;pate d echapement
4460007850;bande anti derapante
8190002041;galet geo 205 N°1320
8600260078;flexible 
8920201080;collier
8970513102;filtre a air
8970513103;filtre a air
16001100044;joint vérin tendeur chenille pcr200
26201100044;joint vérin tendeur chenille pcr200
40123010030;filtre a huile
40123010090;filtre a carburant
40123010560;filtre a carburant
40213030040;filtre compresseur
47274742013;cable de frein brouette hp 500 M603
54510776000;cable embrayage brouette a chenille hp 500 M603
3,60577E+12;vis btr m5 x120
3,60577E+12;vis bar m 5x90
9,04E+12;puverisateur 7l
9,04E+12;devidoire papier
4,11002E+14;detergent cargo
 cable 3G2.5;cable souple 3G2.5
 CAP186174;PE PG 16
 CAP281304;écrou PE PG 13
 LEG013304;fusible 4A 10x38
 SCHZBE101;contact
 TA 5030 z;roulement a aiguille moteur de rotation pd 200
 XB4BS8442;arrêt d urgence
0 332 209 151;relai inverseur 12v
0-10;mano 0-10 bar
0-25;mano 0-25 bar
0-250;mano avec etrier 0-250 bar 
0-40;mano 0-40bar
0-400;mano 0-400bar
0-60;mano 0-60 bar
0001367008 modif;demareur modifier pour socomafor le 17-12-13(PA)
0030310J0;clapet anti-retour (pour stp arrière pic 450)+tube de liaison
0046 4 40;MET. TCB CRU.7985 4X40
0052 10 130;vis TH 10x130 10.9
0052 12 130;vis m 12x130 10.9
0052 16 100;vis th 16x100 10,9
0052 16 130;vis TH 16X130 10.9
0052 16 70;TH 10,9 16X70
0052 910120;vis 10X120 10.9
0052 914 70;TH 10,9 14X70
005210 40;vis tete hexagonale M10X40 10,9
005214 80;vis a tête éxagonale M14X80  10,9
0053 91070;vis M10X70 10.9
0054 12 100;VIS TH 12.9  M12X100
0055 16 45;TH 8,8 16X45
0056 10 16;vis tête H M10X16 10,9
0056 12 20;TH 10,9 12X20
0056 12 40;TH 10,9 12X40
0056 12 80;vis M12X80 10.9
0056 14 25;vis tête H M14X25 10,9
0056 16 100;TH 10,9 16X100
0056 16 20;vis tête H M16X20 10,9
0056 16 40;TH 10,9 16X40
0056 16 60;TH 10,9 16X60
0056 24 60;TH  10.9 24X60
0056 5 16;vis Th 10.9 m5x16
0056 6 20;TH 10,9 6X20
0056 6 30;TH 10,9 6X30
0056 6 35;TH 10,9 6X35
0056 8 25;TH 10,9 8X25
0056 8 40;vis  TH 8X40  10.9
0056 8 60;vis tête H M8X60 10,9
0056 910 30;TH 10,9 10X30
0056 912 60;TH 10,9 12X60
0056 9147 30;TH 10,9 14X30
0057 07 30;TH 8,8 7X30
0057 20 60;TH 8,8 20X60
0057 5 16;TH 8,8 5X16
0057 8 20;TH 8,8 8X20
0057 910 20;TH 8,8 10X20
0060 01840;Vis BHC M8X40
0061 16 45;vis M16X45 12,9
008-3410;CHC 12,9 4X10
008-3420;CHC 12,9 4X20
008-3440;CHC 12,9 4X40
00806 120 092;vis btr M6X120 10,9
0083 10 20;CHC 12,9 10X20
0083 10 25;Vis 12.9 m10x25
0083 10 30;CHC 12,9 10X30
0083 10 35;btr 12,9 10X35
0083 10 40;CHC 12,9 10X40
0083 12 120;vis btr M12x120 12.9
0083 12 20;vis tête H M12X20 12,9
0083 12 35;CHC 12,9 12X35
0083 12 40;CHC 12.9 12X40
0083 12 50;vis btr M12x50 12.9
0083 12 60;CHC 12.9 12X60
0083 12 80;CHC 12,9 12X80
0083 12 90;CHC 12,9 12X90
0083 14 25;vis CHC M14X25 12,9
0083 14 30;CHC 12,9 14X30
0083 14 60;CHC 12.9 14X60
0083 4 10;vis btr  M4X10 12.9
0083 4 20;vis btr  M4X20 12.9
0083 6 100;CHC 8,8 6X100
0083 6 16;CHC 12,9 6X16
0083 6 20;vis choc M6x20
0083 6 35;CHC 12,9 6X35
0083 6 50;vis tête H M6X50 12,9
0083 6 80;CHC 12,9 6X80
0083 8 150;CHC 12,9 8X150
0083 8 16;CHC 12,9 8X16
0083 8 20;vis choc M8X20 12,9
0083 8 35;CHC 12,9 8X35
0083 8 40;CHC 12.9 8X40
0083 8 60;CHC 12,9 8X60
008316 180;vis chic 12,9 M16X180
0084 10 20;CHC 8,8 10X20
0084 10 30;CHC 8,8 10X30
0089 12 20;vis tête fraiser M12X20 10,9
0089 14 30;FHC 10,9 14X30
0089 8 30;vis M8X30 10,9
00890 22 2;brillant plastique
0101 2359 00;goupille de mors l6 ancien 
0107 014 90;vis th M14X90 10,9
0108 3353 00;pion
0117 3469;themocontact xas 85
0147 1250 03;vis de fixation soleinoide
0147 1251 03;vis de maintien soleinoide
0147 1481 03;vis M16x60
0196 1553 17;vis de butee
0211 1960 81;vis
0224 3946;préfiltrea air sm9
02379600m;jeu de joint 4l41c
0317 12;ECROU H M12
0317 4;ECROU H M4
0317 5;ecrou m5
0317 7;ECROU H M7
0320 22;ECROU H M22
0324 10;ECROU H M10
0324 12;ECROU H M12
0324 14;ECROU M14
0324 16;ECROU H M16
0324 20;Ecrou Hex M20
0324 6;ecrou H M6
0324 8;ECROU H M8
0333 5200 08;rondelle
0335 1160 00;circlips
0335 2152 00;circlips
0335 2154  00;circlips
0335 2154 00;circlips
0335 2165 00;circlips
0335 2173 00;circlips
0335 2192 00;circlips
0347 6100 42;collier
0347 6100 43;collier 130-165
0367 0100 42;courroie ventilateur compresseur xhrs 366
0367 0100 48;courroie clim l6 ancien
0367 0100 54;courroie compresseur
0367 1000 11;courroie clim F6
03670 0100 48;courroie de clim l6
0368 12;ECROU FREIN M12
0368 16;ECROU FREIN M16
0368 4;ECROU FREIN M4
0368 5;ECROU FREIN M5
0368 7;ECROU FREIN M7
0370 10;ECROU FREIN M10
0370 12;ECROU FREIN M12
0370 14;ECROU FREIN M14
0370 16;ecrou frein M16
0370 18;ECROU FREIN M18
0370 20;ECROU FREIN M20
0370 24;ECROU FREIN M24
0370 6;ECROU FREIN M6
0370 8;ECROU FREIN M8
0384 3312 00;ressort
0399 9999 08;silenbloc lateraux refrigerent l6
0401 780 006;RONDELLE SECU M6
0401 780 008;RONDELLE SECU M8
0401 780 010;rondelle autoblocante M10
0401 780 012;rondelle autoblocante M12
0401 780 016;RONDELLE SECU M16
0401 780 022;RONDELLE SECU AUTOBLOQUANTE M22
0401 780018;rondelle sécu M18
0401 780020;rodelle secu autoblocante M20
0407 10;RONDELLE PLATE M10
0407 12;RONDELLE PLATE M12
0407 14;RONDELLE PLATE M14
0407 16;RONDELLE PLATE M16
0407 18;RONDELLE PLATE M18
0407 20;RONDELLE PLATE M20
0407 4;rondelle plate M4
0407 5;rondelle plate m5
0407 6;RONDELLE PLATE M6
0407 7;RONDELLE PLATE M7
0407 8;RONDELLE PLATE M8
0411 6 40;RONDELLE CARROSSIER 6X40X1,5
0419 3517;filtre a air sm9
0441 10;RONDELLE GROWER M10
0441 12;RONDELLE GROWER M12
0441 16;RONDELLE GROWER M16
0441 7;RONDELLE GROWER M7
0441 8;RONDELLE GROWER M8
0443 8;RONDELLE GROWER M8
0460 14 20;JOINT CU MASSIF 14X20
0460 18 24;JOINT CU MASSIF 18X24
0462 14 20;JOINT CU MET/PL 14X20
0462 16 22;JOINT CU MET/PL 16X22
0464 102001;joint de vidange 206
0502 2114 00;roulement
0503457 00;filtre a carburant hatz
0504 0600 01;roulement
0508 1101 03;roulement rotative l6-25
0508 1308 00;roulement
0508 2323 01;roulement
0509 0124 00;roulement
0510 951 13;socle 7P alu 24S raccordement vis
0510 951 23;fiche 7P alu 24S raccordement vis
0516 4100 26;cage de roulement
0537 125 135;collier métallique 131-139mm
0537 125 168;collier métalique 162-174mm
0539 132 50;collier  larg 9mm 32-50
0539 210 16;collier  10X16 6M
0547 316 027;collier type serflex 16-27
0555 510 2;Connect bout à bout bleu
0555 510 4;Connect bout à bout jaune
0558 514 4;Cosse plate male 
0558 601 0;COSSE plat femelle
0558 751 3;Cosse plate femelle
0558 845 2;Cosse plate male
0605 8814 00;douille
0653 3;taraud m3
0661 1033 00;bague d etancheiter
0663 2100 75;joint torique
0663 2106 15;joint torique
0663 2106 37;joint torique
0663 2106 67;joint torique
0663 2107 09;joint torique
0663 2108 00;joint torique
0663 2113 44;joint
0663 2128 00;joint torique
0663 2133 00;joint torique
0663 2135 00;joint
0663 2138 00;joint torique
0663 3131 00;joint torique
0663 3143 00;joint torique
0663 7134 00;joint torique
0663 7135 00;joint torique
0663 7144 00;joint torique
0663 9078 00;joint torique
0663 9234 00;joint
0663 9868 00;joint torique
0666 6000 63;joint
0666 6337 00;joint
0666 6645 00;joint torique
0666 7155 01;joint soufflage L6
0666 7190 01;joint
0693 080 0;pinceau pour pneu
0695 257 612;clef en croix
0695 391 885;pince pour masse d equilibrage
0699 992009;joint tete de chat
0702 500;meuleuse droite
0715 54 00;demonte obus
0715 54 04;tire-valves
0715 54 52;CRIC WURTH
0720 112 2;ampoule H3 24v
0720 1122;ampoule H 24V(prix d achat)
0720 114 1;ampoule alogene H712V
0771 802 4;gaine thermo 2,4-1,2mm
0771 804 8;gaine thermo 4,8-2,4 mm
0771 812 7;Gaine thermo 12,7-6,4 mm
0771 850 8;Gaine thermo 50,8-25,4 mm
0823 0000 19;clapet anti retour canne separateur compresseur atlas
0823 0050 16;clapet anti retour dct
0830 14 750;masse adhesive jante alu
0830 80 10;masse jante tole 10G
0830 80 15;masse jante tole 15G
0830 80 20;masse jante tole 20G
0830 80 25;masse jante tole 25G
0830 80 30;masse jante tole 30G
0830 80 35;masse jante tole 35G
0830 80 40;masse jante tole 40G
0830 80 45;masse jante tole 45G
0830 80 5;masse jante tole 5G
0830 80 50;masse jante tole 50G
0832 1000 55;valve de securiter compresseur L6
086 05;POMPE A GRAISSE
0890 023 700;kit colle a pare brise
0890 023 800;KIT COLLE PB ULTIMATE CARTOUCHE (colle a pare-brise)
0890 100 048;tube 85 G-plate a joint élastique
0890 1220;pate de montage pneu
0890 290 006;net multi usage (nettoyant cabine)
0891 503 002;Pulvérisateur à pompe nettement frein 1L
0893 030 0;anticalcaire katcher
0893 331 1;patte a joint noir
0893 480;colle epoxyde
0893 500 042;colle platique
0893 577 050;tube etanche
0899 500 010;housse de protection
0959 000 024;tige fileter M24 10,9 1M
096 714 18;distributeur marteau hl 710
0962 636 170;SERVANTE WURTH
0964 879;assortiment reparation (coffret rouge
0965 900 402;alveole clef mixte 
0965 900701;alveole frappe
0965 900702;alveole frappe
0985 050 2;scotch marron
099-3649;boulon cache culbuteur moteur c7
0992 9001;pack rouleau de 100mm
0992 901;poigner pack fix
0995 900 001;filtre biologique de fontaine
0995 900003;pre filtre fontaine
0995 900300;fontaine de nettoyage bio+3 bidon 20l+1 filtre
0995 901;BIDON FLUIDE FONTAINE BIO
0999 99 62;kit extraction presse+presse 50T
0s145786;gant
0v 6016;filtre séparateur compresseur almig polen
1/8 NPT;graisseur touret in gestion GEO 205
10 83H.JU10 ;clef a laine américaine
1007 peinture;peinture jaune 1007
100X10;plat de 100X10
100X3;JOINT TETE DE ROTATION TETE GEMSA 100X3 NBR 90
103-2396;patin latéraux pic 450
104-979;Ampoule RS PRO, 12 V 15 w, BA9s, 200h
1089 0351 61;solenoid mise en charge l6
1089 0451 07;valve de mise en charge roc l6
1089 0579 51;presostat compresseur
1089 0628 01 ;soleinoide 12v
1089 1025;vis tete fraiser btr
1089 8 30;vis tete fraiser 8X30
1089 9355 96;module compresseur
1089 9355 97;module compresseur ancienne réf 1089 9355 94
1089 9455 72;module compresseur
10A1000C;courroie moteur mc 800
10A1200C;courroie moteur cedidrill 10X1200
10L femelle;bouchon femelle 10L
10Lmale;bouchon 10L male
10R-5406;pompe à eau ranger 700 RP moteur C7 
110x130x13;joint inférieure rotative gemsa
113A.18C;clef a mollette
114-7885;capot prise karting 6 pole
114-7908;prise harting
114-8175;prise harting male 6 pole
115-4237;galet tendeur de courroie moteur c7
12 L male;bouchon 12 l male
12 s femelle;bouchon 12s femelle
12 s male;bouchon 12s male
12-1249;joint spie moteur 22x41,25x7
1202 5868 00;ressort
1202 5869 05;thermostat
1202 6139 00;clapet anti retour
1202 8040 92;filtre a huile compresseur L6
120X12;plat 120X12
120X20;plat 120X20
121-242;ressort
1250 0653 64;kit 1500 heure l6 ancien
1250 0654 41;kit 100h roc F6
126-3968;silent-bloc
126-4907;silent bloc de cage m 664
12L femelle;bouchon 12l femelle
13013MR;jeu de cle mixte a cliquet
138A.48;clef a filtre
13A0975;courroie moteur mc 800
13X936;courroie 13X936
14 S femelle;bouchon 14 S femelle
14 s male;bouchon 14S male
147-0182;joint pompe à eau ranger 700 RP moteur C7
15 L ;bouchon 15l male
15 L femelle;bouchon 15L femelle
152 522 88;bague marteau hl 710
152 523 08;bague marteau hl 710
15400RBAF01;filtre a huile soco 10
156-1871;roulement galet tendeur moteur c 7
156-4757;Connecteur de solénoïde hirschmann
157B3171;capot distributeur geo 205
16 B;chaine geo 205 16B
16 S femelle;bouchon 16 s femelle
16 S male;bouchon 16s male
1604 3321 00;joint torique
1604 4035 00;tuyauterie
1604 5307 02;paroil EG 20l
1604 6205 00;valve plastique volet aspi roc l6
1604 7089 00;joint volet
16044Z5T901;volet starter carburateur honda gx390
161-6640;Microrupteur à bouton poussoir, 1RT, 5 A
1613 2913 00;bouchon volet aspi
1613 6105 90;filtre compresseur 15 bar
1615 5947 00;huile compresseur paroil M par 5l
1615 5948 00;huile compresseur paroil M par 20l
1615 5953 00;paroil E 5l
1615 5954 00;paroil E15w40 20 litres
1615 6399 00;plaque fermeture thermostat
1615 9687 00;ressort clapet anti retour
1615 9720 00;thermostat
1619 7560 00;thermostat d occasion L6-25
16211Z5T000;calle carburateur HONDA GX390
16212Z5T000;JOINT CARBURATEUR HONDA GX 390
16221Z5T000;JOINT CARBURATEUR HONDA GX 390
1626 4691 00;joint volet d aspiration
1626 7454 00;bouchon compresseur atlas ancienne réf 1615 5451 01
1630 0160 00;huile compresseur paroil S ancienne réf 1615 5950 01 - 5 litres
1630 0161 00;paroil S
163B.4;clef a chaine
164-151;relais 24v (41.52.9.024.0010) soilmec
167-8092;fusible 3,15 
170A 501;lot de pince etau
17210Z6L010;filtre a air soco 10
179-9981;contacteur M358 et M357
17X1170;courroie clim hcr 1200
18 L male;bouchon 18L male
181-0533;capot male 6 pole harting
181EF,25cpepb;pince multiprise
185.00;rapporteur d angle
185.20CPE;pince a bec fin caisse mark 
187.20cpe;pince
1879 115 990;kit reparation tubeles
188-4332;compteur horaire
18L femelle;bouchon 18L femelle
195-1611;Bloc de contacts de capteur fin de course - 2nc 
1r 1808;filtrea huile moteur
1R-0762;FILTRE
1R0751;filtre a huile moteur C9
2-2111.001;joint spie avant rotary geo 205
20 B DOUBLE;CHAINE MC 600
200-2258;joint pompe à eau ranger 700 RP moteur C7
200H.60;gros marteur
20H.32;petit marteau
20S femelle;bouchon 20S femelle
20s male;bouchon 20 s male
22 L femelle;bouchon 22 L femelle
22 L male;bouchon 22L male
2253 9671 01;clapet anti retour compresseur l6
2254 8075 00;ressort clapet anti retour
235 01508;calle ranger
25 s male;bouchon 25 s male
253-0339;Connecteur 5 contacts, Montage sur câble, raccordement A visser
254-7545;cylimbloc
25s femelle;bouchon 25s femelle
2603 2079 74;fitting ecm 720
2622 4023 41;separateur d huile ecm 720
263.20;burin
2644 218;taraud m18
2644 220;taraud m20
2651 3193 41;vis
2651 3290 35;wire
2651 6188 09;roulement pignon de renvoi chaine ecm 720
2651 6188 33;roulement ecm 720
2651 6505 70;cale
2651 6505 88;cale telescope ecm 660
2651 6505 96;cale
2651 7157 95;rondelle ecm 720
2651 7791 63;calle enrouleur ecm 720
2651 7882 55;galet de renvoi chaine ecm 720
2651 9924 28;kit de joint ecm 720
2652 0935 49;axe ecm 720
2652 0935 56;rod,take ecm 720
2652 0935 64;pignon ecm 720
2652 0938 87;entretoise ecm 720
2652 1010 78;calle ecm 720
2652 1150 86;support dct ecm 720
2652 1300 44;valve de graissage ecm 720
2652 1360 17;glissiere ecm 720
2652 2841 30;axe galet de renvoi de chaine ecm 720
2653 1916 15;bague
2653 2097 06;cale
2657 6864 53;soleinoide ecm 720
2657 7143 88;filtre dct
2657 7618 92;soleinoide ecm 720
2657 8830 01;kit de joint distributeur ecm 720
2657 8977 79;kit 2000h ecm 720 
266-0266;connecteur male allume cigare
2686 5824 67;bague ecm 720
2695 2015 47;graisseur ecm 720
2695 6485 72;vis maintien tampon ecm 720
2695 9229 44;ecrou ecm 720
2695 9576 35;ecrou ecm 720
272-0388;joint cache culbuteur moteur c7
28 l femelle;bouchon 28 l femelle
28B2;chaine double 28 b2
2910 3003 00;kit volet d aspiration l6
2910 3005 00;kit valve de regulation compresseur
2910 3043 00;kit de joint
2911 0019 01;separateur d huile l6
2911 0110 00;kit vanne de decharge
2911 0111 00;kit valve de regulation compresseur atlas
2911 0112 03;kit separateur xams 286
2911 0118 00;kit clapet d huile
2911 0120 00;kit de joint element
2911 9921 00;kit de joint valve de regul (nouveau modèle)
2912 4350 06;kit 1000h xams 286+port
2912 4351 06;pack 1000h xams 286+port
2912 4430 06;kit 1000h xrvs 336
2914 8307 00;filtre carburant xrvs336
292-8433;relai finder12v 3rt
292A.6;lettre a frapper
293A.6;chiffre a frapper
2L-8509;circlips galet tendeur moteur c7
3-3202.022;tiroir vérin arrachement  mc 450 
3.3333.017;joint avant 
3.3333.018;joint spie tête geo 205
302 889 98;arbre moteur hl 710
30s male;bouchon 30s male
30X30X3;cornière 30X30X3
3115 1324 00;membrane
3115 1926 02;membrane cop 2550
3115 3444 00;pieces soufflage marteau atlas 
3128 0619 00;clavette cale
3128 0829 07;mors l6-25
3128 2099 98;clapet secu l6 rotation
3128 2539 95;raccord graissage
3128 3005 38;raccord graissage
3128 3029 56;axe de pince
3128 3049 44;bouchon pompe 
3128 3062 33;jeu de cale
3128 3074 88;calle plastique L6-25
314 8370 03;chappe de verin dct
315-1145;RANGEMENT, BAC, BEC 
315-1151;RANGEMENT, BAC, BEC  par 10
3161 0632 00;valve 
3161 1025 00;joint
3161 1028 00;tube
3161 1030 00;joint torique
3161 1041 00;anneau
3161 1228 00;cale rotative
3161 1237 00;cale rotative
317-421;bouton a bascule 2 position
3176 0000 84;sonde temperature L6 
3176 0002 88;codeur profondimetre L6-25
3176 0026 09;sonde de niveaux refroidissement roc l6-25 fin de production
3176 1856 02;regulateur de pression ancien modele
3176 1856 02 M;valve de regulation l6 ancien (a verifier)
3176 3681 00;sangle atlas 
3176 4644 78;CABLE ATLAS COPCO+PORT
3176 5427 00;accouplement
3176 8489 00;raccord
3214 5126 00;thermostat clim inter l6
3214 6238 02;juppe depoussiereur
3216 7466 00;bague de tracks roc l6-25
3216 7887 00;adaptateur mors L6
3216 7888 00;porte mors l6
3216 7889 00;rondelle mors l6
3216 8073 01;compresseur clim l6 ancien modèle
3216 8458 03;clapet pompe lave glace
3217 9581 62;kit de joint
3217 9581 70;electrovanne de soufflage l6
3217 9882 17;cable F6
3217 9882 18;cable capteur barrillet  atlas
3222 1488 00;capteur barrillet atlas moyen
3222 1488 05;capteur barrillet diam 30
3222 1488 07;capteur barrillet diam 8
3222 1881 52;filtre a air moteur
3222 1881 62;filtre a air compresseur
3222 1936 00;plaque maintien pignon moteur pousser l6 
3222 2778 00;douille ampoule cabine L6
3222 3002 29;vis de maintien pied de tranport l6
3222 3005 58;desydrateur l6
3222 3010 65;calle  d epaisseur roc l6 ancien
3222 3017 48;presostat clim l6
3222 3033 13;pompe lave glace L6
3222 3052 80;clef capot atlas copco
3222 3061 99;membrane depoussiereur roc F9
3222 3069 74;amortisseur refrigerent l6 inf
3222 3075 63;diaphragm F6
3222 3077 12;collier L6
3222 3093 07;courroie moteur l6 ancien
3222 3096 58;calle
3222 3109 99;bras d essuie glace sup l6
3222 3110 26;reservoir lave glace l6 ancien 
3222 3114  14;cable
3222 3132 15;ventilateur sup l6
3222 3137 90;mors etaux l6 ancien
3222 3138 24;entretoise
3222 3140 14;verin de mors ancien l6
3222 3140 14R;verin de mors ancien l6 reconditionner
3222 3141 10;membrane depoussiereur l6
3222 3142 91;verin de pince l6
3222 3142 91r;verin de pince l6(ancien)
3222 3143 98;kit de joint verin mors ancien l6 
3222 3143 99;kits de joints(pince l6)
3222 3157 12;plc d occasion roc l6
3222 3159 77;soufflet barrillet
3222 3164 45;moteur essuie glace superieure l6(acien)
3222 3164 92;tensiometre l6 dct
3222 3167 54;VALVE DE SECURITE roc L6 ancien
3222 3169 82;cahoutchouc aspiration 
3222 3195 33;cale pince l6-25
3222 3207 40;calle
3222 3208 86;regulateur de pression l6
3222 3231 03;kit detendeur roc L6
3222 3231 43;plaque deflecteur dct l6
3222 3245 83;compresseur
3222 3249 14;reservoir
3222 3251 79;axe +port
3222 3253 78;filtre clim l6
3222 3263 76;circlips
3222 3263 77;roulement(noix verin l6)
3222 3264 66;tige de verin
3222 3264 75;tige de verin mors l6 ancien
3222 3264 84;tige de verin (pince l6)
3222 3266 51;bobine distributeur l6-25
3222 3267 54;rail de glissiere inox roc l6-25
3222 3275 86;courroie moteur L6-25
3222 3281 28 ;courroie moteur F6
3222 3286 75;feux de travail l6 -25
3222 3289 07;bouche cabine l6 -25
3222 3292 87;PRESSOSTAT
3222 3292 88;PRESSOSTAT
3222 3294 72;sonde de niveau d eau  roc f6 (cat ref:239 9957)
3222 3300 90;guide tube L6-25
3222 3307 64;poumon roc L6
3222 3308 85;silent-bloc echapement l6-25
3222 3310 79;bouchon liquide de refroidissement roc l6-25
3222 3317 72;filtre cabine l6 ancien
3222 3318 73;kit  distributeur
3222 3328 01;outils pour cable l6-25(prix d achat)
3222 3329 91;support
3222 3335 13;verin hydraulique basculement pince barrillet l6 ancien 
3222 3335 13R;verin bras de pince l6(ancien)
3222 3349 64;sonde de niveau l6
3222 3367 58;presostat F6
3222 3430 52;feux de travail roc L6
3222 9861 31;bocal lave glace L6-25
3222 9861 31M;bocal lave glace L6-25
3222 9862 35;verin de cabine l6-25
3222 9892 55;verroullage porte nroc l6-25
3222 9892 56;cage plastique porte roc l6-25
3222 9892 57;poigner porte roc l6-25
3222 9892 61;handle
3222 9892 70;handle
326-1643;FILTRE
330-8672;bouton rotatif 2 positionXB4BD21
330-9041;tête de bouton ROTATIF
330-9057;bouton rotatif 3 position a verrouillage
331-0142;embase de fixation de bloc
3315 2276 00;membrane hbc 4000 ancienne réf 3315 0808 00
33333013M;KIT JOINTS INJECTION GEO205 HB 5A
339-9202;fermeture a loquet 
351120ZOT831;INTERRUPTEUR D ARRET MOTEUR
358-9152;prise groupe electrogene +port
359-4384;connecteur male 4 pole type soilmec
359-4390;connecteur femelle 4 poletype soilmec 
362-0130;PE M12 a spiral
384-9992;joint pompe à eau ranger 700 RP moteur C7
386-4453;peigne relais (soilmec)
387-5504;led verte
387-5576;led orange manip atlas l6-25( prix achat)
389-606;PE PG 13,5
39.6;CLEF A FOURCHE
390-3570; BAC DE RANGEMENT ROUGE 470X385.5X180MM 
399-6392;PLC ROC L6 ANCIEN
399-6392(0);PLC ROC L6 ANCIEN(reparer)
3RT2018-2BB41 ;relais.,AC3:7,5KW 1NO DC24V 
3TK28231CB30;relais de sécurité SM5
40.36LA;clef longue de 36
40.38LA;clef longue de 38
400-1091;Bac de vidange en polyéthylène Ø400mm 
401 780 010;RONDELLE SECU M10
40X40X2;profiler creux 40x40x2
40X40X5;cornière 40X40
425-399;outils extraction pin 20
425-434;obturateur prise deutsh s20(PT)
425-468;outils extraction pour diametre 16
425-519;pince pin deutsch
425-585;pin pour prise deutsch 16-20(femelle) (PT)
425-658;pin deutsch male 20
425-761;pin pour prise deutsch 16-20(male) (PT)
425-800;pin pour prise deutsch 16-20(femelle) (PT)
425-822; pin deutsch femelle 20
425-828;pin pour prise deutsch 12-14 male (PT)
4350 2580 23;cale rotative
4350 2619 00;bague soufflage rotative
4350 2650 46;kit de joint
4350 2650 47;bague rotative  pignon l6-25
437-4715;contact mâle pour prise moteur hatz
437-4721;contact femelle pour prise moteur hatz
44.12X13;CLEF A FOURCHE
44.14X15;CLEF A FOURCHE
44.24X27;CLEF A FOURCHE
44.26x28;CLEF A FOURCHE
44.4X5;CLEF A FOURCHE (caisse mark+francois)
44.6X7;CLEF A FOURCHE
440.20;clef plate de 20 caise francois+mark
440.5H;clef plate de 5 (caisse francois+mark)
446-5322;bouton poussoir veroullable vert a voyant
450-571;embase allume cigare
457-2846;relais 24v finder (34.51.7.024.0010) soilmec
45X3;JOINT TETE DE ROTATION GEMSA 45X3 NBR 90
467-406;rail perforé symétrique 35 mm x 7.5 mm
490.SE28-1;embout pince a circlips
4900-54k;CFFRET TOUNEVIS A FRAPPER
491-513;prise femelle
491-976;cables 4x1,5 noir
497.32;grande pince a clips exterieure
499.32;grande pince a clips inetrieure
502 609;COLLIER ATTACHE CABLES 4,6X300 BLEU
502 611;COLLIER ATTACHE CABLE 4,6X300 JAUNE
50X2;joint torique
51040282-01;kit de joint vérin téléscope psm 980
521-888;écrou M8 papillon
541-4527;fusible 8A 
550 03573;kit de joint ranger
550 212 24;carter ventillo ranger 700
550 242 66;capteur tamrock profondimetre
5580 0068 02;vis clim intern
561969B;disque de frein arriere jumper
563-425;fusible 6,3a
563-542;fusible 4 A 
579-196;ampoule BA9s, 12 V, 4 W, Clair
5G16;cable 5G16
5G2.5;cable5G2.5
5G4;cable 5G4
60X70X10;JOINT INJECTION TETE DE ROTATION GEMSA
60x75x8;jointoie double levre
610-2815;voyant lumineux
610-9967;fusible 2A 
611-9554;extention PLC FX2N 8EYR(PT)
621-764;bouchon plastique25x25
6217 2rs;roulement
6258mc;courroie 10X980
6267mc;courroie 10X988
655-9801;ampoule 24v T1 1/2
65x85x10;joint sp
666-8093;support relais(soilmec)
6l femelle;bouchon 6l
6l male;bouchon 6l
6p stm .10;douille 1/2 diametre 10 btr
6ps.20h;douille1/2 20
6s femelle;bouchon 6s femelle
6s male;bouchon 6s male
7.6720.013;amortisseur geo 305
7000-12041-2350300;cable repartiteur atlas l6 (prix d achat)
7000-12041-2350500;cable repartiteur atlas l6 5m denuder
7000-12341-2240500;cable capteur atlas (prix d achat)
7000-12721-0000000;conneteur a cabler atlas l6 
7000-40881-2260250;cable atlas repartiteur/eletrovanne
7000-40881-2260500;cable atlas repartiteur/eletrovanne 5m
7000-41121-0000000;T pour repartiteur atlas l6 (prix d achat)
70X100X12;joint sp
70X85X8;joint sp
711APB;multimetre
724-2273;prise femelle deutsch(PT)
724-2298;prise male deutsch(PT)
724-2311;Cale blocage 2voies fiche femelle orange 
724-2378;Cale de blocage, 2 voies, broche, verte 
748-1305;plaque noir/blanc pour symbol laser
75012029NY;patin geo 205 N°1320
75012034NY;patins de rotative mc 450
755-9013;gaine de protection souple diametre 16
755-9026;gaine de protection souple diametre 25
75w80 rallye gear;75w80 rallye gear(mini)
75w90;huile 75w90
762-0998;aimant diametre 13mm
777-7473;fusible 1a 
777-7498;fusible 2 A 
777-7505;fusible  5A 
78118YB3004;JOINT TORIQUE
78130YB7003;JOINT MECANIQUE
8 s femelle;bouchon 8 s femelle
80X40;profiler creux
8204 0498 97; electro graissage bars l6-25 
8204 4236 05;verin dct
8231 1018 04;filtre hydraulique
8232 3001 26r;verin de porte de magazin l6 (ancien)
831-9024;Presse-étoupe RS PRO M20
839-268;goupille
83H.24;clef a laine 24
83H.ju10;clef a laine en pouce(1 mark)
83HJL13;jex clef a laine grand format
83SH.JP9AB;clef a laine
85x110x12;joint spie sm 22 moteurrotary
865-4942;Balise clignotante à LED Vert, rouge, jaune Banner série K50L, 18?30 V c.c.
89.jp8apb;cle male torx jeu de 8
890 023 701;cartouche colle a pare brise
896-6939;compteur horaire 12v
8l femelle;bouchon 8l femelle
8L male;bouchon male 8L
8PK1480ES;courroie xams 286
8S male;bouchon male 8s male
8T-4224;rondelle cache culbuteur moteur c7
9120 0993 15;kit de joint
9124 8081 00;plaque electro graissage bars l6-25
91351YB3003;JOINT TORIQUE
95x3;joint torique TETE DE ROTATION GEMSA NBR 90
980795587G;bougie soco 10
9L4896;courroie pompe a eau moteur C9
9TD035MR;jeu de douille extraction
A2X75VE;tournevis façon isoléeA2X75VE
A4-005;jauge visuel entrave 127 M12
ACDST380;batterie etanche 12v40ah(prix d achat)
acf 110/860;coffret de foret
acid color;acid
ACRYLIQ.9 OSPAL;gant hiver
ADBLUE;ADBLUE
an3 5x100;tournevis
an3x75;tournevis
ANF8X150;tounevis
antigrip;aerosol antigrippant au cuivre
ANW.J10FRA;lot de tounevis
AP-16;bouchon male BSP1''
AR 600;autoradio cd mp3(prix d achat)
AR.3.5X75;tounevis
ar250;AUTORADIO
AS4X100;tounevis
asa 120 HV1;chaine de glissiere pour ecm 720
ATF MULTI FE;huile de boite new L200
ATFD2;HUILE DE BOITE DEXTRON
ATM011;protection en caoutchouc
AU-12;bouchon jic/m
AU-14;bouchon jic/m
AU-17;bouchon jic/m
AU-21;bouchon jic/m
AU-26;bouchon jic/m
AU-30;bouchon jic/m
AW-14;bouchon jic/f
AW-17;bouchon jic/f
AW-21;bouchon jic/f
AW-26;bouchon jic/f
AW-30;bouchon jic/f
AW.12;bouchon jic/f
ax-16;bouchon BSP femelle 1''
B 20;chaine B20 geo 205
B07GW5HSZL;ressort
B150;chauffage fuel
B41 17X1085LP;courroie clim l6-25(prix d achat)
B42 17X1110LP;courroie roc l6-25(prix d achat)
BAN68032 SHD;batterie 12v 180/100(PA)
BANJO 10L 1/4;raccord banjo vérin mors comacchio
BANP10040;batterie power bull 12v 100/800 AH psm 980
BE528;FILTRE AUDI
BET000961974;JEU DE CLEF PLASTIQUE BTR
BET012670307;TOUNEVIS  TORX
BET017510011;BURETTE D HUILE
bet018270100;fer a souder
beta 4;goupille beta diametre 4mm
BIZ205009;presse etoupe PG9
BIZ205013;presse etoupe arret d'urgence PG13
biz320005;sucre 25mm2
BKR5EZ;bougie penetro pagani
blanc;ecrie metal blanc
bos0242229656;bougie chariot elevateur
BOS0342315001;CONTACTEUR A CLEF +PRECHAUF
bos3397004586;essuie glace ecm 720 600L(PT)
bos3397018170;essuie glace ecm 720 700L(PT)
botte;botte kevin
BOUCHYELLOCG;" GROS BOUCHON CAOUTCHOUC JAUNE;12 A 43"
BOUCHYELLOCM;MOYEN BOUCHON CAOUTCHOUC JAUNE 4 A 23
BPR5ES;bougie moteur honda gx390
BPR6ES;bougie
BR6HS;BOUGIE PAGANI
BROTHER DIMO;BROTHER PTOUCH 7500 VP
BRTTZE231;cartouche dymo
BS  1''1/4;bague BS 1''1/4
BS 1;bague BS 1''
BS 1'' 1/2;bague BS 1''1/2
BS 1/2;bague BS 1/2
BS 1/4;bague BS 1/4
BS 1/8;bague BS 1/8
BS 2;bague BS 2''
BS 3/4;bague BS 3/4
BS 3/8;bague BS 3/8
bs/8;bague bs ext 13,40
Bungalow BJM ;Bungalow BJM 9030 
Bungalows BM 59 ;Bungalows BM 59 PF SANIT 9
BV.105;sacoche cuir
C2.251;BAGUE BRONZE 40-50-40
c4-11-35-39-40;bague en polymere
CAFPA23EZ;patte d encrage ipn
camera;video suveillance
CAP281604;ecrou PG16
CAP601304;PE acier PG13
CAR171752;feux de travail a led
CAR192765;micro fusible type l200
CAR192766;micro fusible type l200
CAR192767;micro fusible type l200
CAR192768;micro fusible type l200
CAR192769;micro fusible type l200
CAR192770;micro fusible type l200
carre 20;20X2 par 6M
carre 30;30X2 par 6M
cat6-4p;cable rj 45
CE-1803;bac de vidange pour pont
cemex;nettoyant ciment
chaine;chaine pour flexible
chargeur baner;chargeur baner 12v
chc hy 811;matière première pour pictogramme
combinaison;bleu de travail
combinaison kevin;bleu de travail
comp;compresseur d atelier
compressor R46;huile compresseur dx800
corniere;corniere 30X30X3  par 6M
CPE.1FRA;lot de pince
CR 180/3;filtre hydraulique
CV04ELM04+;graissage tamrock enbout recup+jupe
CV04ELM06         JVTTA04;graissage atlas enbout recup+jupe
D:25;flexible d aspiration de pompe D:25 ref:100s4-16
D18050418;raccord d air 1/8 couder
D3EEC0205;100 bornes christal (dymo)
D4-lave;durite lave glace
D6X1/8;coude tournant graissage 
DDF1574;disque de frein av jumper
déchets;évacuation déchets
degraissant 30l;degraissant fontaine
deo;deo clips
deodorant;
DH10231;distributeur manuel (PDB)
DI8060418;raccord pneumatique
diable;diable 250k
disque 1.6;disque a tronconer 1.6
DN19;tuyau diametre 19
dot 5;loked de frein
dp7700406;tuyau rilsan 4x6 vert
DP7701012;RISLAN diametre 12 blanc
dsm80447;collier 43mm a 47mm
DYNAM SP 150;huile rotative
électrode 3,2;baguette de soudure 3,2
ELX71597;GRAISSEUR DE GALET
ELX72215;Graisseur pose rapide pour galet diamètre 6
ELX72216;Graisseur pose rapide pour galet diamètre 8
ENQ-6-10X10;graissage atlas coude 90°
ENQ-6-10X100;graissage atlas droit clipsable
ENQ-6-6; GRAISSAGE atlas UNION DOUBLE clipsable
enrouleur;enrouleur huile 15w40
EP 0;GRAISSE ROULEMENT pour rotative EP 0 
EP 00;graisse rotative EP 00
erdrisil;lubrifiant
FAK-R:V:KC11:IY;ARRET D UGENCE EATON
FAK-R/KC11/;arrêt d urgence EATON ENREGISTREUR
FCSP-04;gaine de protection 13mm
fer plat;30X4 par 6M
fer plat 40;40X4 par 6M
FF63009MX;filtre carburant sm22/sr45
foret;foret a gauche 0-13
frein;liquide de frein dot4
FS1098MX;filtre carburant sm22/sr45
FV185-; cosse batterie - 35mm
FV185+;cosse batterie+ 35mm
G-06LL;graissage atlas union double malle/male
ga0066314;coupleur prevost male
gant;gant en cuir taille 9
gant nit;boite de 100 gants nitrile noire
gasoil;gasoil gnr proteger -23°
GAT 6228MC;COURROIE CHARIOT ELEVATEUR
GAT 6470 MC;courroie pompe a eau ranger 700
gat6466exl;courroie moteur l200 TRAPEZOIDALE
gat6pk1513;courroie plate l 200
GE 50;rotule de verin GE50
GE-06LL-6/10;adaptateur graissage atlas droit 6/10
GEV6LLM;UNION TUBE DE 6 LL MALE 10X10 DROIT
GEV6LLMK;RACCORD UNION SIMPLE MALE CONIQUE 10X100
GGM2105XM45G;manchon pour rj45 par 10
GGM907HSTS201;pince a sertir rj 45
GGMCAT5EB20M;cordon RJ45 20M
GGMMJ8PB8C;prise rj 45 male par 10
graisseur;graisseur
graisseur 90°;graisseur atlas hyd M1/4 90°
gys024441;chargeur batterie 12/24v
H07RNF 3X2.5;enrouleur
H7CXAWD1N ;compteur digital OMRON
h933;protection machine a pneu
HD28PD;perceuse sans fils milwaukee
hdmi;cable hdmi 3m(ttc)
hdmi boitier;boitier repartiteur hdmi(ttc)
huile de boite;75W80
hv 46;HUILE HYDRAULIQUE HV 46
HV68;huile hydraulique hv 68
HYDROK16;graissage atlas flexible souple
hypoid b multigrad;80W90
IBO05530;boite de derivation
IBO20410;manchon diame 30
IBO28980;tube pvc dim 30
insecte;zep tox
IR 100X110X30;bague d usure rotative gemsa
isc061810;coupleur prévost femelle
IXPO 30.20.16;coupe batterie 1000A
jaune;ecrie metal jaune
jaune celtic;peinture en bombe jaune
KAR62956240;détergent haute pression
KRV40PP;GALET HCR 1200
KRVT52XLL;GALET HCR 1200
L 200;pneu +jante hiver L200 
l200N;pneu +jante hiver L200 (2014)
lave glace;lave glace
led t10;ampoule led t 10 pour veilleuse
LEG013006;fusible 6A 10x38
LEG013308;fusible 8A 10x38 mm
LEG013310;fusible 10A 10x38mm
LEG52018;prise femelle en saillie 220v 16a
LEG52042;prise male 220v 16a
LEG52244;prise maleelectrique 380v 4p+t
levier;levier geo 305
LF3970;filtre huile moteur SM22/sr45
liquide de refroidissement;liquide de refroidissement -35°
liquide refroidissement rose;liquide de refoidissement rose universel pour cat
loctite 603;loctite 603
loctite 638;loctite 638
LS 188 B;filtre
lunette noir;lunette de protection noir
lunette transparente;lunette de protection transparente
LUR10010441;graisseur de ligne
LUR7010003;RAMPE PLATFORME
LUR7010120;platforme de stockage
LUR7010244;bac de retention 2 fut
LUR7010246;CLIPS DE BAC
LUR74038;chariot pompe a graisse
M10;TARAUD MACHINE
M10F10COUR;graissage atlas rallonge 
M1130;testeur de tension
M12;TARAUD MACHINE
M14;TARAUD MACHINE
M16;TARAUD MACHINE
M16X160;Btr M16X160 12.9
M18;M18X100
M22;taraud M22
M22-K01;Elément de contact, 1O, Fixation par l'avant(bouton rotatif sm 6)
M22-KC01;contact arret d urgence socomafor,saml
M24;taraud M24
M30X150;taraud m30x150
M3222 3307 64;poumon roc l6 d occasion
M5;taraud machine
M5007C1;cable reseau cat 6
M6;TARAUD MACHINE
M8;TARAUD MACHINE
M845R;machoire jumper arriere
mac 001;tuyau carburant diametre 10
mac 0010;gaine de protection
mac 00100;Tuyau lave glace 4 mm
mac 00101;Tuyau transparent (D8) (évacuation eau)
mac 00102;Tuyau renforcé avec gaine (D11) (Gasoil)
mac 00103;Tuyau pneu transparent tressé (D8)
mac 00104;Rislan (D4)
mac 00105;Flexible pneu (D3)
mac 00106;Flexible pneu (D4)
mac 00107;Flexible pneu (D6)
mac 00108;Tuyau (D40) (Hydraulique) 
mac 00109;Tuyau (D25) (Hydraulique)
mac 0011;cone anti-vibratoire 70 shore
mac 00110;Tuyau (D30) (Hydraulique)
mac 00111;Tuyau (D60) (Hydraulique)
mac 00112;Tuyau bleu (D20)
mac 00113;Joint PAPIER 1mm d'épaisseur 
mac 00114;Joint papier 2 mm d'épaisseur
mac 00115;Joint plastique vert 2mm d'épaisseur 
mac 00116;Joint papier 0,5mm  d'épaisseur
mac 00117;Joint papier 
mac 00118;Joint liège 3mm d'épaisseur
mac 00119;rotule ve verin (compat)M8
mac 0012;cales mc 600
mac 00120;Joint caoutchouc 12mm d'épaisseur
mac 00122;MULTITUBE PA12 7X2.7X4
mac 00123;"TUYAU MULTISERVICES 20 BARS;25X36"
mac 00124;COLLIER DE SERRAGE DE 60 A63mm
mac 00125;vis M20x70 8,8
mac 00126;union double diametre  4
mac 00127;attache rapide pénétro sedidrill m664
mac 00128;kit de joint verin basculement solo 50
mac 00129;cale rotative mc 450 p1
mac 00130;collier métallique 32 a35
mac 00131;BOBINE 24DC 20W S8H
mac 00132;ensemble joint torique
mac 00134;cable 7G1,5
mac 00135;courroie ventilateur xrhs 366
mac 00136;courroie moteur geo 205  9,5X937
mac 00137;cales 190x230x0,5 ipc 830
mac 00138;cales 190x230x0,1 pic 830
mac 00139;cales 190x230 0,2 ipc 830
mac 0014;gyrophare a led
mac 00141;gaine de protection flexible diametre 50
mac 00142;kit de joint vein stab geo 205+port
mac 00143;tuyau pic souple dn40 spire
mac 00144;flexible mano 
mac 00145;ensemble crépine,clapet+raccord pompier
mac 00146;patin teflon geo 205
mac 00147;galet marteau geo 205
MAC 00148;couvercle distributeur mc 450 ou comacchio
mac 00149;attache rapide geo 205
mac 0015;flexible diamètre 19
mac 00150;gaine de protection flexible diametre 8
mac 00151;gaine de protection diametre 40
MAC 00152;SELECTEUR DE CIRCUIT 1/4
mac 00153;fusible xl
mac 00155;embout lisse pour tuyau 4x8,6
mac 00156;tuyau de graissage 4X8,6
mac 00157;phare de travail 48w 12/24v
mac 00158;tendeur anneau crochet m16 250kg
mac 00159;serre cable 10mm
mac 0016;avertisseur sonore 24v
mac 00160;maillon rapide d 10mm cmu 1100kg
mac 00161;rond diametre 20mm au mètre
mac 00162;rond de serrurier diametre 25mm au mètre
mac 00163;rond de serrurier diametre 30mm au mètre
mac 0018;cable éléctrique 19G1
mac 0019;courroie moteur mc600
MAC 0023;galet mc 600
mac 0024;gaine de protection diamètre 140
mac 0025;gaine de protection diamètre 80
mac 0026;tuyau transparent 15x19
mac 0028;kit de joiint réducteur mc 600
mac 0029;roulement reducteur mc 600
mac 0030;relais 24v 50 A
mac 0035;etrier pour mano
mac 0036;vis btr 10x80 12.9
mac 0037;vis btr 10X100 12.9
mac 0038;courroie 12x932
mac 0039;courroie 12x950
mac 0040;courroie 17x1045
mac 0041;courroie 17x1110
mac 0042;courroie crantée 10x1000
mac 0043;courroie 13x1357
mac 0044;courroie crantée 13x950
mac 0045;courroie crantée 13x1015
mac 0046;courroie10x988( chariot elevateur)
mac 0047;calle MC 800
mac 0048;interupteur 3 position
mac 0049;cable batterie rouge 35mm²
mac 0050;cable batterie noir 35mm²
mac 0051;Plot élastique (D 25 / L 30mm) M8
mac 0052;Plot élastique ( D 25 / L 10mm) M8
mac 0053;Plot élastique (D 30 /  L 21mm) M8
mac 0054;Plot élastique (D 25 / L 30mm) M6
mac 0055;kit de joint vein stab socomafor 50/60
mac 0056;bobine de fil transparent (2x1mm²)
mac 0057;Bobine de fil noir/bleu (1mm²)
mac 0058;Bobine de fil noir (1,5mm²)
mac 0059;Bobine de fil noir (2,5mm²)
mac 0060;Bobine de fil noir (4mm²)
mac 0061;Bobine de fil rouge (1,5mm²)
mac 0062;Courroie chariot 10x1200
mac 0063;Courroie 17x1030
mac 0064;Courroie 17x1170
mac 0066;Verrouillage à languette caoutchouc
mac 0067;Câble avec connecteur 1M/1F
mac 0068;"joint torique filtrehydraulique soilmec;171,04X3,53"
mac 0069;Câble avec tête d'électrovanne à LED
mac 0070;Câble avec tête d'électrovanne sans LED
mac 0071;Attache câble taille 12
mac 0072;Attache câble 10
mac 0073;feuille klingersil 1mm (renforcer)
mac 0074;Relais BOSH 0332209203 24V
mac 0075;Relais BOSH 0332209151 12V
mac 0076;Relais 24V 5A
mac 0077;Relais 24V 10/22A
mac 0078;Relais de démarrage à clef BOSH 0342315001
mac 0079;Relais 24V 60A
Mac 0080;galet de table socomafor 50/60(complet avec axe)
mac 0082;Barrette de jonction (pour ponter) Neutre (bleu)
mac 0083;Barrette de jonction (pour ponter) Phase (gris)
mac 0084;Câble 5G2,5 Rigide U1000R2V
mac 0085;Câble 3G2,5 Rigide U1000R2V
mac 0086;Câble 3G1,5 U1000R2V
mac 0087;Câble 3G2,5 Souple HO7RNF
mac 0088;Câble 3G1,5 Souple HO7RNF
mac 0089;Câble 4G1,5 souple 
mac 0090;Câble (rouge) batterie 16mm²
mac 0091;Câble 5G16
mac 0092;Câble 26x0,25
mac 0093;Tuyau (D10) (Gasoil)
mac 0094;Tuyau (D8) (Gasoil)
mac 0095;Tuyau pneumatique (D12)
mac 0096;Flexible pneu noir souple (D10) (Tuyau évacuation eau)
mac 0097;Tuyau de pneu (D13) (Gasoil)
mac 0098;Tuyau pneu (D6) (Gasoil)
mac 0099;Tuyau transparent (D10) (évacuation eau) 
mac 0164;TUYAU PVC SOUPLE AVEC SPIRE PVC DN50 transparent
mac 0165;crepine+clapet diametre tuyau 40
mac 0170;tôle antidérapant ep 1,5mm
mac 0171;tole plate 10mm
mac 0173;kit joint verin mors gemsa
mac 0174;kit de joint vein clef de dévissage gemma
mac00133;galet GO305
Mac00140;cable H07 RNF 18G1.5 mm²
mac00154;jupe (pour tuyau de graissage)
mac002;mousse 15X15
MAC0020;joint de frappe au retrait klemm4053
MAC0021;joint partie haute marteau klemm4053
mac0022;relais 24 v 10/22A
mac0027;attache rapide mc 600
mac003;plot elastiqque
mac0031;huile compresseur ingersol mineral
mac0032;tuyau souple diamètre 50
mac0033;tuyau souple diametre 50
mac0034;gaine de protection diametre 100
mac004;bouton poussoir complet
mac005;kit de joint verin mors l6-25
mac006;jauge visuel hydraulique
mac007;jauge visuel hydraulique
mac008;jauge visuel hydraulique
mac0081;bouchon barbotin
mac009;vanne 1 1/2
mac0166;cables enceinte 2x2,5mm
mac0167;cables4G1,5mm
mac0168;cables 4g2,5mm
mac0169;cables 3g4 mm
mac0172;ensemble rondelle belleville 18X8,2X0,8
mandrin;mandrin pour radial
manille;manille pour chaine
mas326c270;plomb pour jante alu
maxlav;lavage auto
miroir;miroir
MOD.A1PB;module 8 tounevis
MOD.TE;module pince
MODR1;module douille1/4
modu24;capot distributeur geo 305
moteur ms05;Kit de joint moteur hydraulique de pousser roc l6
MPC 2050 GL;photocopieur ricoch
MSS125;moteur rotative l6-25
NAR17185;ampoule navette 24v 5 w
NAR17925;ampoule 24v5w
nbr 90 sm9;kit de joint de vérin de chenille sm9
nc4233;clef a choc 1350NM
nettoyant frein;nettoyant frein liquide
nettoyant frein en bombe;nettoyant frein
niveau;Niveau à bulle digital 60 cm MAC ALLISTER
nocalc;bouclier thermique
noir;marqueur noir
NTX;pince a riveter
NUKR 40;galet geo 205
NUKR47-A;gallet complet lisse chariot de rotative socomafor et geo 205
NUKRE47-A;gallet chariot de rotative complet de socomafor
NUTR 17;gallet de rotative sedidrill
OE0140;balladeuse à led
oilox gnr;aditif moteur diesel
olymp2500 titatium 200;demonte pneu et equilibreuse (recu le 17/04/14)
omala;boite de transfert ranger
onyx 5w30;profive onyx 5w30 (mini, golf,l200 neuw)
OP0051;purgeur de freins par aspiration
OV 6016;FILTRE SEPARATEUR COMPRESSEUR POLEN
perceuse;perceuse a collonne
pince a tuyau 26-65;pince pour tuyau 26-65
pince laiton;pince en laiton pour soudure
pince tuyau 15-28;pince a tuyau
PIV 46;huile minérale compresseur pic 46
plomberie;plomberie atelier 
pneumatic 100;huile pneumatique
poste;poste metallier 130 +cagoule
pro 100x 5litre;huile moteur pro 100x en 5l
pro 400 X (10w40);huile moteur sm9 sr 45 sm22
probeol hees 46;huile hydraulique bio 
probeol hees 46 20l;huile hydraulique bio par 20l
process B4;10W40
profil H 4T 20L;Huile moteur 4T honda 10w30
profil H 4T 5L;huile moteur 4t honda 10W30
profive gold;huile moteur 5W40
prolander ;huile 10w30 huile hydraulique et compresseur dx  et ranger
PROPANE;GAZ chariot
propus 10w40;huile transmission hydrostatique honda hp 500
protruck100x;huile pro 100X x 10w40
PS000185;manipulateur
purah 140;filtre habitacle 206
QC213;disqueuse pneumatique
R.360NANOPB;coffret a cliquet 1/4
r2v3g2.5c100;3g2.5
r2v5g2.5c100;5g2.5
RAL 1003;PEINTURE
RAL 1004;PEINTURE
RAL 2004;peinture orange tamrock (ancienne)
ral1000;bombe de peinture ingersol
RAL3000;PEINTURE
ral7011;bombe de peinture grise atlas copco
RAL7016;gris soilmec gris 7016
ral9005;bombe de peinture noir
RAL9010;peinture blanc soilmec
rebut 1000;rampe d 'éclairage voiture
ress 720;ressort tiroir rapide ecm 720 gros
ress comp;ressort ecm 720
resso 720;ressort tiroir rapide ecm 720 petit
RILSAN3X6G;tuyau rilsan de graissage atlas(prix d achat)
RILSAN3X6NO;tube rislan 3X6
RKG918044;porte plaque immat camera
RKG918052;ecran 3.5 support de retro
ROB111103;CABLE BATTE 16MM2 ROUGE X25
rouge;marqueur rouge
rouge celtic;peinture en bombe rouge
rouille;convertisseur de rouille
roulement ep000;graisse 000
RT5;filtre
RT7;filtre
RTD;atomiseur d huile de coupe
rubis 20l;huile profite rubis 5w30 par 20litres
rubis 5l;huile new l200 profive rubis 5w30
RXM4AB2BD;RELAIS SHNEIDER 24VDC
RXZE2S114M;EMBASE SCHEINDER  RELAIS 24VDC
S.205E;clef dynamometrique
S01501801416;joint cassette pour rotary sm6 150x180x14,5/16
SA 10126;filtre a air
SA 10385K;filtre
sa 10775;filtre a air
SA 11120;FILTRE TONDEUSE
SA 11683 K;FILTRE A AIR IPC 830
SA 11709;filtre a air R 208
SA 11791;filtre sm9
SA 12000;"FILTRE A AIR MOTEUR HONDA;"
sa 12076;filtre a air
SA 12406;filtre penetro
sa 12413;filtre a air pagani
SA 12453;filtre a air moteur brios-stratton
SA 12772;FILTRES
sa 12775;filtre geo 205
sa 12820;filtre a air
SA 14019;filtre sm9
SA 14053;FILTRE A AIR IPC 830
SA 14524;filtre a air pagani
SA 16302;FILTRE MC 600
SA 16580;FILTRE MC 600
SA 16604;filtre a air
SA 16605;filtre a air
SA 16745;FILTRE A AIR SM 22
SA 16784;FILTRE A AIR SM 22
sa 17001;filtre a air
SA 17088;filtre sm8
SA 17089;filtre sm8
SA 17100;"FILTRE SEDIDRILL m 358;geo 305  sm5 gemsa"
SA 17101;"FILTRE SEDIDRILL m 358;geo305 gems"
sa 17193;filtre a air xats 156
sa 17194;filtre a air xats 156
sa 17224;filtre a air compresseur polen
SA 28995;filtre
sa 4001;filtre
SA 4055;filtre
SA 4063;FILTRE A AIR MINI
SA 5020;FILTRE GOLF
SA 8440;filtre l200
SA 8562;FILTRE CHARIOT
SA 877 ;filtre
SA 8995;filtre
SA4044;filtre
SA7007;filtre
SAMO0424170.110;KIT POMPE AGRAISSE
SAMO436000;RECUPERATEUR D HUILE
savon;cherry bomb
SC 4025;filtre 206
SC 5000CA;FILTRE GOLF
SC 5105 CA;FILTRE  HABITACLE MIN
SC 7016;filtre
SC 80027;filtre habitacle hitachi
SC 90273;filttre habitacle l6
SC80021;filtre habitacle hitachi
scelroulement 603;scelroulement 603
SCH   XALK01 ;boite vide 1 bouton
SCH   XB4BD25 ;bouton tournant
sch13392;coffret 
SCH13956;coffret etanche
sch14918;peigne phase
sch14919;peigne neutre
SCH20723;dijoncteur 6 A
SCH20725;dijoncteur 10A
scha9n21020;dijonteur 2a dt 40 
scha9n21023;dijonteur 6a dt 40 
scha9n21024;dijonteur 10a dt 40 
SCHA9N21444;dijoncteur dt 40 16a 300 ma
SCHC-039;collier pour flexible d aspiration D:25
SCHXALK178G;boite arrêt d urgence 
SCHXB4BD53;bouton tournant 3 position
SCHXE2SP2141;CONTACT AU DE GLISSIERE
SCHXY2CH 13250;arret d urgence A CABLE SCHXY2CH 13250
SCHXY2CZ110;CABLE ARRET D URGENCE
SCHXY2CZ402;RIDOIR M6 AVEC ECROU
SCHXY2CZ703;RESSORT D EXTREMITE 02
SCHXY2CZ705;queue de cochon
SCHXY2CZ708;POULIE
SCHY2CZ503;ATTACHE CABLE SIMPLE
SCHZBE102 ;contact
scoch zep;procolle silpower 
sh 52178;filtre hydraulique
sh 56052;filtre hydraulique
sh 5662;filtre hydraulique R208
SH 56757;FILTRE
SH 56763;FILTRE
sh 57083;filtres hydrauliques R208
SH 60037;filtre hydraulique par 200
SH 60919;FILTRE CHARIOT
sh 62101;filtre hydraulique compresseur polen
SH 62249;FILTRE
sh 63061;filtre hydraulique IPC 830
SH 63063;FILTRE CEDIDRILL m 358
SH 63161;filtre hydraulique
SH 63201;FILTRE CEDIDRILL m 358
sh 63301;filtre pagani
SH 63306;filtre penetro et pagani
SH 63317;filtre hydraulique
SH 66052;filtre hydraulique chariot
SH 74025;Filtre hydraulique GEO 305
SH 74028;filtres hydraulique socomafor 60-65
SH 74029;FILTRE HYDRAULIQUE SOCOMAFOR
SH 75037;FILTRE MC 600
SH 87708 V;filtre hydraulique sm9
SH53052;FILTRE HYDRAULIQUE IPC 830
SH63326;filtre hydraulique
SH75036;filtre hydraulique penetro 26t(PA)
SH77009;filtre hydraulique
shp 50;graisse rotative atlas(prix dachat en 5kg)
SIE3SB3420-0C;contact pour arrêt d urgence siemens
SL.DBOX1PB;coffret a cliquet 1/2
sn 039;filtre
SN 12000;filtre penetro
SN 1251;FILTRE
SN 25044;filtre a gasoil hitachi
SN 25045;filtre gasoil hitachi
SN 25053;filtre l200
sn 25106;filtre geo 205
SN 327;FILTRE A CARBURANT IPC 830 GEMSA
SN 39912;filtre
SN 39913;filtre
SN 39916;FILTRE CARBURANT MINI
SN 39917;filtre
SN 40004;FILTRE A GASOIL
SN 40005;filtre sm8
SN 4001;filtre carburan  R208
SN 4029;FILTRE
SN 40508;filtre gasoil
SN 40602;FILTRE
SN 40625;FILTRE
SN 40639;FILTRE
SN 482;filtre carburant T15
sn 5074;filtre a gasoil mc 450p et R208
SN 555;filtre à gasoil
SN 556;"FILTRE SEDIDRILL m 358 ; techniwell geo 305 "
SN 56757;FILTRE
SN 56763;FILTRE
SN 70146;filtre golf
SN 70273;FILTRE MC 600
SN 70366;filtre sm9
SN 70440;FILTRE SM8 et sm 9
SN 80026;filtre
sn 909010;filtre carburant xats 156
sn 912010;filtre carburant mc 450
sn 920102;filtre carburant
sn 99108;filtre a gasoil xats 156
SN 99111;filtre sm8
SN25052;filtre a gasoil 
SN555;filtre carburant
SN70232;filtre a carburant
SN70233;filtre carburant
so 040;filtre
SO 053;filtre a huile
SO 10044;filtre mc 600
SO 10046;FILTRE
SO 10052;FILTRE
so 115;filtre a huile  xats 156
SO 3335;filtre a huile pagani
SO 3413;filtre sm8
SO 416;FILTRE A HUILE IPC 830
SO 434;"FILTRE SEDIDRILL m 358;filtre geo 305 "
SO 6067;FILTRE CHARIOT
so 6105;filtre a huile
SO 6113;filtre a huile hitachi
so 6117;filtre a huile GEO 205 
SO 6994;filtre
SO 7022;FILTRE AUDI
SO 7063;filtre golf
SO 7262;filtre sm9+mc450p +R208
SO 8149;filtre à huile
SO 9000;filtre
SO 9013;filtre
SO 9041;FILTRE A HUILE MINI
SO416;filtre
SO9021;filtre a huile
SO9041;filtre
SOD04030;testeur de batterie
sod10370;pompe a manette
sod10378;pompe a huile rotative
SOD14880;escabeau
sod16909;collier multicolor
SOD17496;pese acide
sogripa h1 n1;sceau de lingette
sopratic bobine;bobine de lingette
ST52;rayonnage 3M de long
STM.J9;coffret douille 6 pan 1/2
sun brill;savon auto
suncar 20l;lavage auto
super mist fresh;rechage deodorant
super mist royal;rechage deodorant
supermouss;savon auto
support tv;support tv (ttc)
symarok synth 220;boite de transfert ranger
symbol ceramic;5W40
synarock synnth 150;huile boite de transfert dx780 (omala)
syntopress P 46;huile compresseur
T 7317;filtre a huile l200
T4W;ampoule 12v 4W de voyant
targette;targette automatique(type fourgon)
TCO 501;bouchon de remplissage hydraulique
teflon;teflon en rouleau
testeur liquide;testeur de circuit de refroidissement
touret;touret a meuler +brosse
touret geo305;"joint de touret geo 305 m417;comprenant:re 22126039 ET 22100019"
trans turbo 4;huile
trousse de secours;trousse de secours l200 
tuyau D23;tuyau échappement souple acier diametre 23mm
tv;tv led brandt (garntie 05/06/19)(ttc)
typhon 5l;nettoyant lingette
typhon marine 5l;nettoyant lingette
VAL574108;essuie glace hcr 1200 sup
VAL574114;ESSUIE GLACE L200
VAL574118;ESSUIE GLACE L200
val574141;VM16X1 l6-25 sup
VAL574190;ESSUIE GLACE JUMPER
val728834;essuie glace l6 tir 1000
vanne 1;vanne 3/8
vanne 2;vanne 3/4
vanne 3;vanne 1/2
vanne 4;vanne1'' M/F
vanne 5;vanne1'' F/F
vanne 6;vanne 1''1/4  f f
vanne 7;vanne 3/4  f m
venture;zep venture
VIS 12X140;Vis tête cylindrique 12.9 12X140
VIS 16X100;Vis TH 10.9 16X100
VIS 6X20;Vis TH 10.9 6X20
viscreuseM38;raccord banjo geo 205
vitre;nettoyant vitre zep 40
w005;ensemble de valve pour pneumatique
wc;nettoyant detartrant
wd40;wd 40
WDK940/1;filtre  sm9
WE-06LL-10X;graissage atlas coude 90°
WE-06LL-6X1;graissage atlas coude visser 90° 6X100
X000X0JRAJ;compteur horaire moteur 4T
x00wg6m43;prise remorque mâle et femelle
XB4BD33; bouton tournant noir, à manette, position maintenue, 3 positions
XB4BS8445;arrêt d urgence avec contact
XCKJ10541H29;FIN DE COURSE
XCKL 106;fin de course
XCMD21F2L1;interrupteur de position
XE3SP2141;contact XE3SP2141
xuper 680-S;baguette speciale (type castolin xuper 680-s)
XY2CE1A270;arrêt d urgence  a cable coter droit (face au mat)
XY2CE1A296;arrêt d urgence a câble droit avec voyant(face a la glissière)
XY2CE2A250;arrêt d urgence a câble gauche(face au mat)
Z16B3;chaine triple tete sedidrill 25,3
ZAR16B3;attache rapide pour tete sedidrill
ZB4BG05;contacteur a clef Harmony XB4(soilmec)
ZCKJD39H29;Arrêt d urgence pour sedidrill
zep 45;degripant
zepal 27;nettoyant jante